Category,Nreads
Empty,0
Empty,0
Empty,0
Empty,0
Empty,0
Empty,0
Empty,0
Empty,0
Empty,0
Empty,0
Empty,0
Empty,0
Empty,0
Empty,0
Empty,0
Empty,0
Empty,0
Empty,0
Empty,0
Empty,0
Empty,0
Empty,0
Empty,0
Empty,0
Empty,0
Empty,0
Empty,1
Empty,1
Empty,0
Empty,0
Empty,1
Empty,1
Empty,0
Empty,0
Empty,0
Empty,0
Empty,0
Empty,0
Empty,1
Empty,1
Empty,0
Empty,0
Empty,1
Empty,1
Empty,2
Empty,2
Empty,0
Empty,0
Empty,0
Empty,0
Empty,0
Empty,0
Empty,0
Empty,0
Empty,0
Empty,0
Empty,1
Empty,1
Empty,1
Empty,1
Empty,1
Empty,1
Empty,1
Empty,1
Empty,1
Empty,1
Empty,0
Empty,0
Empty,0
Empty,0
Empty,0
Empty,0
Empty,0
Empty,0
Empty,1
Empty,1
Empty,4
Empty,4
Empty,0
Empty,0
Empty,1
Empty,1
Empty,0
Empty,0
Empty,0
Empty,0
Empty,0
Empty,0
Empty,0
Empty,0
Empty,0
Empty,0
Empty,0
Empty,0
Empty,5
Empty,5
Empty,11
Empty,11
Empty,5
Empty,5
Empty,0
Empty,0
Empty,0
Empty,0
Empty,4
Empty,4
Empty,13
Empty,13
Empty,9
Empty,9
Empty,0
Empty,0
Empty,0
Empty,0
Empty,1
Empty,1
Empty,0
Empty,0
Empty,0
Empty,0
Empty,1
Empty,1
Empty,0
Empty,0
Empty,5
Empty,5
Empty,0
Empty,0
Empty,0
Empty,0
Empty,0
Empty,0
Empty,0
Empty,0
Empty,0
Empty,0
Empty,1
Empty,1
Empty,0
Empty,0
Empty,0
Empty,0
Empty,1
Empty,1
Empty,0
Empty,0
Empty,0
Empty,0
Empty,0
Empty,0
Empty,1
Empty,1
Empty,1
Empty,1
Empty,0
Empty,0
Empty,0
Empty,0
Empty,0
Empty,0
Empty,0
Empty,0
Empty,0
Empty,0
Empty,0
Empty,0
Empty,3
Empty,3
Empty,0
Empty,0
Empty,2
Empty,2
Empty,1
Empty,1
Empty,0
Empty,0
Empty,1
Empty,1
Empty,1
Empty,1
Empty,0
Empty,0
Empty,0
Empty,0
Empty,2
Empty,2
Empty,1
Empty,1
Empty,3
Empty,3
Demultiplexed,6
Demultiplexed,6
Demultiplexed,11695
Demultiplexed,11695
Demultiplexed,14457
Demultiplexed,14457
Demultiplexed,3913
Demultiplexed,3913
Demultiplexed,3599
Demultiplexed,3599
Demultiplexed,13658
Demultiplexed,13658
Empty,18893
Empty,18893
Demultiplexed,19289
Demultiplexed,19289
Empty,3371
Empty,3371
Empty,87459
Empty,87459
Demultiplexed,71079
Demultiplexed,71079
Demultiplexed,77193
Demultiplexed,77193
Demultiplexed,21591
Demultiplexed,21591
Demultiplexed,572
Demultiplexed,572
Empty,2
Empty,2
Empty,4
Empty,4
Demultiplexed,31456
Demultiplexed,31456
Demultiplexed,2
Demultiplexed,2
Empty,27338
Empty,27338
Demultiplexed,1
Demultiplexed,1
Demultiplexed,1
Demultiplexed,1
Demultiplexed,28031
Demultiplexed,28031
Demultiplexed,2
Demultiplexed,2
Empty,92548
Empty,92548
Demultiplexed,44808
Demultiplexed,44808
Demultiplexed,5
Demultiplexed,5
Demultiplexed,9
Demultiplexed,9
Empty,30077
Empty,30077
Demultiplexed,51484
Demultiplexed,51484
Empty,40317
Empty,40317
Empty,141761
Empty,141761
Empty,103180
Empty,103180
Demultiplexed,25256
Demultiplexed,25256
Empty,5905
Empty,5905
Empty,9
Empty,9
Demultiplexed,4
Demultiplexed,4
Demultiplexed,68525
Demultiplexed,68525
Demultiplexed,71843
Demultiplexed,71843
Demultiplexed,59883
Demultiplexed,59883
Demultiplexed,60979
Demultiplexed,60979
Demultiplexed,105472
Demultiplexed,105472
Demultiplexed,61128
Demultiplexed,61128
Demultiplexed,102636
Demultiplexed,102636
Demultiplexed,57057
Demultiplexed,57057
Empty,2
Empty,2
Demultiplexed,40441
Demultiplexed,40441
Empty,134350
Empty,134350
Demultiplexed,124046
Demultiplexed,124046
Demultiplexed,4
Demultiplexed,4
Demultiplexed,162683
Demultiplexed,162683
Empty,70942
Empty,70942
Demultiplexed,58995
Demultiplexed,58995
Demultiplexed,48576
Demultiplexed,48576
Empty,48625
Empty,48625
Demultiplexed,9
Demultiplexed,9
Empty,93538
Empty,93538
Empty,52770
Empty,52770
Demultiplexed,129994
Demultiplexed,129994
Empty,86045
Empty,86045
Demultiplexed,68338
Demultiplexed,68338
Demultiplexed,11
Demultiplexed,11
Demultiplexed,129109
Demultiplexed,129109
Demultiplexed,159213
Demultiplexed,159213
Demultiplexed,94425
Demultiplexed,94425
Empty,97161
Empty,97161
Demultiplexed,90364
Demultiplexed,90364
Demultiplexed,94750
Demultiplexed,94750
Empty,6
Empty,6
Demultiplexed,253925
Demultiplexed,253925
Empty,100882
Empty,100882
Empty,203182
Empty,203182
Demultiplexed,87467
Demultiplexed,87467
Demultiplexed,49113
Demultiplexed,49113
Demultiplexed,65480
Demultiplexed,65480
Empty,1
Empty,1
Empty,60660
Empty,60660
Demultiplexed,46771
Demultiplexed,46771
Empty,173194
Empty,173194
Empty,108487
Empty,108487
Demultiplexed,119107
Demultiplexed,119107
Empty,38790
Empty,38790
Demultiplexed,33143
Demultiplexed,33143
Demultiplexed,47463
Demultiplexed,47463
Demultiplexed,97729
Demultiplexed,97729
Demultiplexed,40775
Demultiplexed,40775
Empty,75588
Empty,75588
Demultiplexed,88954
Demultiplexed,88954
Demultiplexed,93951
Demultiplexed,93951
Demultiplexed,20473
Demultiplexed,20473
Demultiplexed,38801
Demultiplexed,38801
Demultiplexed,16005
Demultiplexed,16005
Demultiplexed,24421
Demultiplexed,24421
Demultiplexed,32692
Demultiplexed,32692
Empty,28171
Empty,28171
Empty,85421
Empty,85421
Demultiplexed,21738
Demultiplexed,21738
Empty,171902
Empty,171902
Demultiplexed,208763
Demultiplexed,208763
Demultiplexed,154742
Demultiplexed,154742
Demultiplexed,176976
Demultiplexed,176976
Demultiplexed,208679
Demultiplexed,208679
Demultiplexed,265754
Demultiplexed,265754
Empty,218611
Empty,218611
Demultiplexed,264382
Demultiplexed,264382
Demultiplexed,103027
Demultiplexed,103027
Demultiplexed,203574
Demultiplexed,203574
Demultiplexed,188997
Demultiplexed,188997
Demultiplexed,174969
Demultiplexed,174969
Demultiplexed,206070
Demultiplexed,206070
Demultiplexed,152890
Demultiplexed,152890
Empty,205715
Empty,205715
Empty,2
Empty,2
Demultiplexed,175843
Demultiplexed,175843
Demultiplexed,5
Demultiplexed,5
Demultiplexed,337074
Demultiplexed,337074
Demultiplexed,285071
Demultiplexed,285071
Demultiplexed,12
Demultiplexed,12
Demultiplexed,177817
Demultiplexed,177817
Demultiplexed,1
Demultiplexed,1
Demultiplexed,375107
Demultiplexed,375107
Demultiplexed,115562
Demultiplexed,115562
Demultiplexed,2
Demultiplexed,2
Demultiplexed,9
Demultiplexed,9
Empty,79285
Empty,79285
Empty,110485
Empty,110485
Demultiplexed,118737
Demultiplexed,118737
Demultiplexed,2
Demultiplexed,2
Demultiplexed,122491
Demultiplexed,122491
Demultiplexed,167811
Demultiplexed,167811
Empty,129563
Empty,129563
Demultiplexed,175538
Demultiplexed,175538
Demultiplexed,155197
Demultiplexed,155197
Demultiplexed,245567
Demultiplexed,245567
Demultiplexed,7
Demultiplexed,7
Empty,196285
Empty,196285
Demultiplexed,302691
Demultiplexed,302691
Empty,174768
Empty,174768
Demultiplexed,157661
Demultiplexed,157661
Demultiplexed,9
Demultiplexed,9
Demultiplexed,155385
Demultiplexed,155385
Empty,4
Empty,4
Demultiplexed,124959
Demultiplexed,124959
Demultiplexed,21
Demultiplexed,21
Demultiplexed,295195
Demultiplexed,295195
Demultiplexed,8
Demultiplexed,8
Demultiplexed,2
Demultiplexed,2
Empty,12
Empty,12
Demultiplexed,147104
Demultiplexed,147104
Demultiplexed,5
Demultiplexed,5
Empty,202053
Empty,202053
Demultiplexed,3
Demultiplexed,3
Empty,206408
Empty,206408
Demultiplexed,183572
Demultiplexed,183572
Demultiplexed,242328
Demultiplexed,242328
Demultiplexed,5
Demultiplexed,5
Demultiplexed,198353
Demultiplexed,198353
Demultiplexed,8
Demultiplexed,8
Demultiplexed,12
Demultiplexed,12
Demultiplexed,258659
Demultiplexed,258659
Demultiplexed,225495
Demultiplexed,225495
Demultiplexed,4
Demultiplexed,4
Demultiplexed,115006
Demultiplexed,115006
Demultiplexed,188021
Demultiplexed,188021
Demultiplexed,3
Demultiplexed,3
Demultiplexed,2
Demultiplexed,2
Demultiplexed,184871
Demultiplexed,184871
Demultiplexed,1
Demultiplexed,1
Demultiplexed,124384
Demultiplexed,124384
Demultiplexed,8
Demultiplexed,8
Empty,147996
Empty,147996
Empty,9
Empty,9
Demultiplexed,115176
Demultiplexed,115176
Demultiplexed,126608
Demultiplexed,126608
Demultiplexed,1
Demultiplexed,1
Empty,355786
Empty,355786
Demultiplexed,10
Demultiplexed,10
Demultiplexed,194783
Demultiplexed,194783
Demultiplexed,95939
Demultiplexed,95939
Demultiplexed,12
Demultiplexed,12
Demultiplexed,8
Demultiplexed,8
Demultiplexed,4
Demultiplexed,4
Empty,6
Empty,6
Demultiplexed,271580
Demultiplexed,271580
Demultiplexed,12
Demultiplexed,12
Demultiplexed,127495
Demultiplexed,127495
Demultiplexed,4
Demultiplexed,4
Demultiplexed,611099
Demultiplexed,611099
Demultiplexed,630193
Demultiplexed,630193
Demultiplexed,163379
Demultiplexed,163379
Demultiplexed,183532
Demultiplexed,183532
Demultiplexed,1
Demultiplexed,1
Demultiplexed,22044
Demultiplexed,22044
Empty,4
Empty,4
Demultiplexed,221024
Demultiplexed,221024
Demultiplexed,299242
Demultiplexed,299242
Demultiplexed,221158
Demultiplexed,221158
Demultiplexed,288055
Demultiplexed,288055
Demultiplexed,226604
Demultiplexed,226604
Demultiplexed,307185
Demultiplexed,307185
Demultiplexed,306391
Demultiplexed,306391
Demultiplexed,179824
Demultiplexed,179824
Demultiplexed,7
Demultiplexed,7
Demultiplexed,252093
Demultiplexed,252093
Demultiplexed,228464
Demultiplexed,228464
Demultiplexed,281288
Demultiplexed,281288
Empty,301524
Empty,301524
Empty,3
Empty,3
Empty,8
Empty,8
Demultiplexed,255195
Demultiplexed,255195
Demultiplexed,5
Demultiplexed,5
Demultiplexed,159982
Demultiplexed,159982
Demultiplexed,8
Demultiplexed,8
Demultiplexed,205607
Demultiplexed,205607
Demultiplexed,210572
Demultiplexed,210572
Demultiplexed,3
Demultiplexed,3
Demultiplexed,214887
Demultiplexed,214887
Demultiplexed,213973
Demultiplexed,213973
Demultiplexed,3
Demultiplexed,3
Demultiplexed,12
Demultiplexed,12
Empty,296291
Empty,296291
Empty,222755
Empty,222755
Empty,325341
Empty,325341
Demultiplexed,5
Demultiplexed,5
Demultiplexed,337933
Demultiplexed,337933
Demultiplexed,202867
Demultiplexed,202867
Empty,153175
Empty,153175
Demultiplexed,10
Demultiplexed,10
Demultiplexed,6
Demultiplexed,6
Demultiplexed,260627
Demultiplexed,260627
Demultiplexed,5
Demultiplexed,5
Empty,219841
Empty,219841
Demultiplexed,334456
Demultiplexed,334456
Empty,191712
Empty,191712
Demultiplexed,184762
Demultiplexed,184762
Demultiplexed,13
Demultiplexed,13
Demultiplexed,133651
Demultiplexed,133651
Empty,4
Empty,4
Demultiplexed,179880
Demultiplexed,179880
Demultiplexed,208910
Demultiplexed,208910
Demultiplexed,331300
Demultiplexed,331300
Demultiplexed,31473
Demultiplexed,31473
Demultiplexed,212467
Demultiplexed,212467
Demultiplexed,227021
Demultiplexed,227021
Demultiplexed,282582
Demultiplexed,282582
Demultiplexed,278210
Demultiplexed,278210
Empty,226798
Empty,226798
Demultiplexed,4
Demultiplexed,4
Empty,235608
Empty,235608
Empty,223196
Empty,223196
Demultiplexed,267659
Demultiplexed,267659
Empty,289971
Empty,289971
Demultiplexed,188828
Demultiplexed,188828
Demultiplexed,9
Demultiplexed,9
Demultiplexed,1191
Demultiplexed,1191
Demultiplexed,286280
Demultiplexed,286280
Demultiplexed,296744
Demultiplexed,296744
Empty,186928
Empty,186928
Demultiplexed,138335
Demultiplexed,138335
Demultiplexed,184561
Demultiplexed,184561
Demultiplexed,5
Demultiplexed,5
Demultiplexed,3
Demultiplexed,3
Demultiplexed,109879
Demultiplexed,109879
Demultiplexed,252518
Demultiplexed,252518
Demultiplexed,142770
Demultiplexed,142770
Demultiplexed,248388
Demultiplexed,248388
Empty,228146
Empty,228146
Empty,12
Empty,12
Empty,238170
Empty,238170
Demultiplexed,194003
Demultiplexed,194003
Demultiplexed,175662
Demultiplexed,175662
Empty,341530
Empty,341530
Demultiplexed,259379
Demultiplexed,259379
Demultiplexed,202923
Demultiplexed,202923
Demultiplexed,248544
Demultiplexed,248544
Demultiplexed,184455
Demultiplexed,184455
Demultiplexed,217304
Demultiplexed,217304
Demultiplexed,5
Demultiplexed,5
Empty,214298
Empty,214298
Demultiplexed,310525
Demultiplexed,310525
Demultiplexed,315432
Demultiplexed,315432
Demultiplexed,181695
Demultiplexed,181695
Demultiplexed,192707
Demultiplexed,192707
Demultiplexed,308234
Demultiplexed,308234
Demultiplexed,245784
Demultiplexed,245784
Demultiplexed,379414
Demultiplexed,379414
Demultiplexed,332024
Demultiplexed,332024
Demultiplexed,295653
Demultiplexed,295653
Demultiplexed,1462
Demultiplexed,1462
Empty,0
Empty,0
Empty,0
Empty,0
Empty,0
Empty,0
Empty,0
Empty,0
Empty,0
Empty,0
Empty,1
Empty,1
Empty,0
Empty,0
Empty,1
Empty,1
Empty,0
Empty,0
Empty,0
Empty,0
Empty,0
Empty,0
Empty,0
Empty,0
Empty,0
Empty,0
Empty,0
Empty,0
Empty,0
Empty,0
Empty,0
Empty,0
Empty,0
Empty,0
Empty,2
Empty,2
Empty,1
Empty,1
Empty,0
Empty,0
Empty,0
Empty,0
Empty,0
Empty,0
Empty,0
Empty,0
Empty,1
Empty,1
Empty,0
Empty,0
Empty,0
Empty,0
Empty,0
Empty,0
Empty,0
Empty,0
Empty,0
Empty,0
Empty,0
Empty,0
Empty,0
Empty,0
Empty,0
Empty,0
Empty,2
Empty,2
Empty,0
Empty,0
Empty,0
Empty,0
Empty,0
Empty,0
Empty,0
Empty,0
Empty,2
Empty,2
Empty,1
Empty,1
Empty,2
Empty,2
Empty,1
Empty,1
Empty,1
Empty,1
Empty,0
Empty,0
Empty,1
Empty,1
Empty,2
Empty,2
Empty,0
Empty,0
Empty,0
Empty,0
Empty,6
Empty,6
Empty,5
Empty,5
Empty,7
Empty,7
Empty,9
Empty,9
Empty,4
Empty,4
Empty,5
Empty,5
Empty,7
Empty,7
Empty,9
Empty,9
Empty,4
Empty,4
Empty,2
Empty,2
Empty,0
Empty,0
Empty,0
Empty,0
Empty,0
Empty,0
Empty,0
Empty,0
Empty,0
Empty,0
Empty,0
Empty,0
Empty,0
Empty,0
Empty,0
Empty,0
Empty,0
Empty,0
Empty,0
Empty,0
Empty,2
Empty,2
Empty,0
Empty,0
Empty,0
Empty,0
Empty,0
Empty,0
Empty,0
Empty,0
Empty,3
Empty,3
Empty,0
Empty,0
Empty,1
Empty,1
Empty,0
Empty,0
Empty,0
Empty,0
Empty,2
Empty,2
Empty,3
Empty,3
Empty,1
Empty,1
Empty,3
Empty,3
Empty,1
Empty,1
Empty,0
Empty,0
Empty,2
Empty,2
Empty,0
Empty,0
Empty,1
Empty,1
Empty,0
Empty,0
Empty,5
Empty,5
Empty,3
Empty,3
Empty,2
Empty,2
Empty,0
Empty,0
Empty,1
Empty,1
Empty,1
Empty,1
Empty,1
Empty,1
Empty,2
Empty,2
Empty,4
Empty,4
Empty,11
Empty,11
Demultiplexed,246770
Demultiplexed,246770
Demultiplexed,195037
Demultiplexed,195037
Demultiplexed,233210
Demultiplexed,233210
Demultiplexed,248362
Demultiplexed,248362
Empty,227093
Empty,227093
Empty,203604
Empty,203604
Demultiplexed,378418
Demultiplexed,378418
Demultiplexed,106124
Demultiplexed,106124
Empty,2
Empty,2
Demultiplexed,5
Demultiplexed,5
Demultiplexed,167044
Demultiplexed,167044
Demultiplexed,126322
Demultiplexed,126322
Empty,228073
Empty,228073
Empty,3
Empty,3
Empty,16
Empty,16
Demultiplexed,10301
Demultiplexed,10301
Demultiplexed,1
Demultiplexed,1
Empty,153122
Empty,153122
Demultiplexed,2
Demultiplexed,2
Demultiplexed,4
Demultiplexed,4
Demultiplexed,204036
Demultiplexed,204036
Demultiplexed,6
Demultiplexed,6
Demultiplexed,263520
Demultiplexed,263520
Demultiplexed,225008
Demultiplexed,225008
Empty,1
Empty,1
Demultiplexed,6
Demultiplexed,6
Empty,225421
Empty,225421
Empty,200978
Empty,200978
Empty,204181
Empty,204181
Demultiplexed,3
Demultiplexed,3
Empty,302829
Empty,302829
Demultiplexed,202881
Demultiplexed,202881
Empty,166270
Empty,166270
Demultiplexed,9
Demultiplexed,9
Demultiplexed,3
Demultiplexed,3
Demultiplexed,200837
Demultiplexed,200837
Demultiplexed,6
Demultiplexed,6
Empty,174099
Empty,174099
Demultiplexed,323018
Demultiplexed,323018
Empty,5
Empty,5
Demultiplexed,178188
Demultiplexed,178188
Demultiplexed,7
Demultiplexed,7
Demultiplexed,148412
Demultiplexed,148412
Empty,6
Empty,6
Demultiplexed,193420
Demultiplexed,193420
Demultiplexed,6
Demultiplexed,6
Demultiplexed,303341
Demultiplexed,303341
Demultiplexed,10
Demultiplexed,10
Demultiplexed,5
Demultiplexed,5
Empty,177816
Empty,177816
Demultiplexed,222457
Demultiplexed,222457
Demultiplexed,167795
Demultiplexed,167795
Empty,160641
Empty,160641
Demultiplexed,5
Demultiplexed,5
Empty,304860
Empty,304860
Empty,147173
Empty,147173
Demultiplexed,207796
Demultiplexed,207796
Empty,8
Empty,8
Demultiplexed,151731
Demultiplexed,151731
Demultiplexed,9
Demultiplexed,9
Demultiplexed,4
Demultiplexed,4
Demultiplexed,263194
Demultiplexed,263194
Demultiplexed,259768
Demultiplexed,259768
Empty,185152
Empty,185152
Demultiplexed,94789
Demultiplexed,94789
Demultiplexed,202179
Demultiplexed,202179
Empty,2
Empty,2
Demultiplexed,5
Demultiplexed,5
Empty,122576
Empty,122576
Demultiplexed,4
Demultiplexed,4
Demultiplexed,182832
Demultiplexed,182832
Demultiplexed,10
Demultiplexed,10
Empty,161410
Empty,161410
Empty,13
Empty,13
Empty,152977
Empty,152977
Demultiplexed,146251
Demultiplexed,146251
Empty,5
Empty,5
Empty,199886
Empty,199886
Demultiplexed,5
Demultiplexed,5
Empty,127878
Empty,127878
Demultiplexed,160424
Demultiplexed,160424
Demultiplexed,171001
Demultiplexed,171001
Demultiplexed,192968
Demultiplexed,192968
Demultiplexed,6
Demultiplexed,6
Empty,186290
Empty,186290
Demultiplexed,236768
Demultiplexed,236768
Demultiplexed,300592
Demultiplexed,300592
Demultiplexed,120004
Demultiplexed,120004
Demultiplexed,175619
Demultiplexed,175619
Demultiplexed,144286
Demultiplexed,144286
Demultiplexed,182751
Demultiplexed,182751
Demultiplexed,162692
Demultiplexed,162692
Empty,152203
Empty,152203
Demultiplexed,133989
Demultiplexed,133989
Demultiplexed,619702
Demultiplexed,619702
Demultiplexed,95468
Demultiplexed,95468
Demultiplexed,6
Demultiplexed,6
Demultiplexed,187388
Demultiplexed,187388
Demultiplexed,179798
Demultiplexed,179798
Demultiplexed,262660
Demultiplexed,262660
Demultiplexed,228395
Demultiplexed,228395
Demultiplexed,326581
Demultiplexed,326581
Empty,331229
Empty,331229
Demultiplexed,301011
Demultiplexed,301011
Demultiplexed,4
Demultiplexed,4
Demultiplexed,269724
Demultiplexed,269724
Demultiplexed,252823
Demultiplexed,252823
Demultiplexed,221329
Demultiplexed,221329
Demultiplexed,10
Demultiplexed,10
Demultiplexed,5
Demultiplexed,5
Empty,236635
Empty,236635
Demultiplexed,170976
Demultiplexed,170976
Demultiplexed,9
Demultiplexed,9
Demultiplexed,232637
Demultiplexed,232637
Demultiplexed,144734
Demultiplexed,144734
Demultiplexed,243293
Demultiplexed,243293
Demultiplexed,269061
Demultiplexed,269061
Demultiplexed,11
Demultiplexed,11
Demultiplexed,337742
Demultiplexed,337742
Demultiplexed,176551
Demultiplexed,176551
Demultiplexed,2
Demultiplexed,2
Empty,240379
Empty,240379
Demultiplexed,263835
Demultiplexed,263835
Demultiplexed,464675
Demultiplexed,464675
Demultiplexed,293832
Demultiplexed,293832
Demultiplexed,200729
Demultiplexed,200729
Demultiplexed,315243
Demultiplexed,315243
Demultiplexed,229886
Demultiplexed,229886
Demultiplexed,3
Demultiplexed,3
Demultiplexed,221452
Demultiplexed,221452
Demultiplexed,334298
Demultiplexed,334298
Demultiplexed,133279
Demultiplexed,133279
Demultiplexed,213320
Demultiplexed,213320
Demultiplexed,245083
Demultiplexed,245083
Demultiplexed,476455
Demultiplexed,476455
Demultiplexed,212279
Demultiplexed,212279
Demultiplexed,5
Demultiplexed,5
Demultiplexed,130748
Demultiplexed,130748
Demultiplexed,134257
Demultiplexed,134257
Demultiplexed,212750
Demultiplexed,212750
Demultiplexed,315384
Demultiplexed,315384
Demultiplexed,395667
Demultiplexed,395667
Demultiplexed,247068
Demultiplexed,247068
Demultiplexed,213660
Demultiplexed,213660
Demultiplexed,4
Demultiplexed,4
Demultiplexed,218645
Demultiplexed,218645
Demultiplexed,206358
Demultiplexed,206358
Demultiplexed,261669
Demultiplexed,261669
Demultiplexed,390305
Demultiplexed,390305
Demultiplexed,383916
Demultiplexed,383916
Empty,279584
Empty,279584
Demultiplexed,7
Demultiplexed,7
Demultiplexed,6
Demultiplexed,6
Demultiplexed,203187
Demultiplexed,203187
Demultiplexed,266082
Demultiplexed,266082
Demultiplexed,244741
Demultiplexed,244741
Empty,359997
Empty,359997
Demultiplexed,5
Demultiplexed,5
Demultiplexed,257247
Demultiplexed,257247
Demultiplexed,89165
Demultiplexed,89165
Demultiplexed,3
Demultiplexed,3
Empty,133261
Empty,133261
Empty,152901
Empty,152901
Demultiplexed,71070
Demultiplexed,71070
Demultiplexed,147717
Demultiplexed,147717
Demultiplexed,150360
Demultiplexed,150360
Demultiplexed,152247
Demultiplexed,152247
Demultiplexed,154097
Demultiplexed,154097
Empty,2
Empty,2
Empty,167710
Empty,167710
Demultiplexed,199876
Demultiplexed,199876
Empty,127202
Empty,127202
Demultiplexed,81421
Demultiplexed,81421
Demultiplexed,190250
Demultiplexed,190250
Empty,13
Empty,13
Demultiplexed,222745
Demultiplexed,222745
Demultiplexed,4
Demultiplexed,4
Demultiplexed,312628
Demultiplexed,312628
Demultiplexed,183809
Demultiplexed,183809
Demultiplexed,199879
Demultiplexed,199879
Demultiplexed,201202
Demultiplexed,201202
Demultiplexed,300738
Demultiplexed,300738
Demultiplexed,284991
Demultiplexed,284991
Demultiplexed,193451
Demultiplexed,193451
Demultiplexed,3
Demultiplexed,3
Demultiplexed,124794
Demultiplexed,124794
Demultiplexed,50472
Demultiplexed,50472
Demultiplexed,181713
Demultiplexed,181713
Demultiplexed,226323
Demultiplexed,226323
Demultiplexed,258833
Demultiplexed,258833
Demultiplexed,192999
Demultiplexed,192999
Demultiplexed,312097
Demultiplexed,312097
Demultiplexed,330058
Demultiplexed,330058
Demultiplexed,222795
Demultiplexed,222795
Demultiplexed,295889
Demultiplexed,295889
Demultiplexed,140515
Demultiplexed,140515
Demultiplexed,159451
Demultiplexed,159451
Demultiplexed,284010
Demultiplexed,284010
Empty,326399
Empty,326399
Demultiplexed,334684
Demultiplexed,334684
Demultiplexed,2
Demultiplexed,2
Demultiplexed,11
Demultiplexed,11
Demultiplexed,304778
Demultiplexed,304778
Demultiplexed,254862
Demultiplexed,254862
Demultiplexed,142542
Demultiplexed,142542
Demultiplexed,285358
Demultiplexed,285358
Demultiplexed,284053
Demultiplexed,284053
Demultiplexed,262388
Demultiplexed,262388
Empty,236891
Empty,236891
Demultiplexed,10
Demultiplexed,10
Demultiplexed,225979
Demultiplexed,225979
Demultiplexed,245667
Demultiplexed,245667
Demultiplexed,280592
Demultiplexed,280592
Demultiplexed,6
Demultiplexed,6
Demultiplexed,276402
Demultiplexed,276402
Demultiplexed,194780
Demultiplexed,194780
Demultiplexed,7
Demultiplexed,7
Demultiplexed,239134
Demultiplexed,239134
Demultiplexed,172562
Demultiplexed,172562
Demultiplexed,191740
Demultiplexed,191740
Demultiplexed,127614
Demultiplexed,127614
Demultiplexed,200681
Demultiplexed,200681
Demultiplexed,236148
Demultiplexed,236148
Demultiplexed,2252
Demultiplexed,2252
Demultiplexed,91925
Demultiplexed,91925
Demultiplexed,141239
Demultiplexed,141239
Demultiplexed,151279
Demultiplexed,151279
Demultiplexed,191307
Demultiplexed,191307
Demultiplexed,146436
Demultiplexed,146436
Demultiplexed,9
Demultiplexed,9
Demultiplexed,247041
Demultiplexed,247041
Demultiplexed,136398
Demultiplexed,136398
Demultiplexed,127131
Demultiplexed,127131
Demultiplexed,162723
Demultiplexed,162723
Demultiplexed,153262
Demultiplexed,153262
Demultiplexed,128927
Demultiplexed,128927
Demultiplexed,96739
Demultiplexed,96739
Demultiplexed,240405
Demultiplexed,240405
Demultiplexed,237290
Demultiplexed,237290
Demultiplexed,252505
Demultiplexed,252505
Demultiplexed,81588
Demultiplexed,81588
Demultiplexed,415855
Demultiplexed,415855
Demultiplexed,171200
Demultiplexed,171200
Demultiplexed,102849
Demultiplexed,102849
Demultiplexed,9
Demultiplexed,9
Demultiplexed,147116
Demultiplexed,147116
Demultiplexed,80644
Demultiplexed,80644
Demultiplexed,3
Demultiplexed,3
Demultiplexed,184168
Demultiplexed,184168
Demultiplexed,139074
Demultiplexed,139074
Demultiplexed,108468
Demultiplexed,108468
Demultiplexed,8
Demultiplexed,8
Empty,2
Empty,2
Demultiplexed,4
Demultiplexed,4
Demultiplexed,97504
Demultiplexed,97504
Demultiplexed,214662
Demultiplexed,214662
Demultiplexed,101689
Demultiplexed,101689
Demultiplexed,182616
Demultiplexed,182616
Demultiplexed,80699
Demultiplexed,80699
Demultiplexed,125798
Demultiplexed,125798
Demultiplexed,114513
Demultiplexed,114513
Demultiplexed,214313
Demultiplexed,214313
Demultiplexed,106907
Demultiplexed,106907
Demultiplexed,201397
Demultiplexed,201397
Empty,171540
Empty,171540
Empty,192507
Empty,192507
Demultiplexed,214097
Demultiplexed,214097
Demultiplexed,253118
Demultiplexed,253118
Demultiplexed,189129
Demultiplexed,189129
Demultiplexed,303252
Demultiplexed,303252
Empty,279136
Empty,279136
Demultiplexed,105169
Demultiplexed,105169
Demultiplexed,126667
Demultiplexed,126667
Demultiplexed,147346
Demultiplexed,147346
Empty,157279
Empty,157279
Demultiplexed,129211
Demultiplexed,129211
Demultiplexed,172463
Demultiplexed,172463
Demultiplexed,208040
Demultiplexed,208040
Demultiplexed,184008
Demultiplexed,184008
Demultiplexed,181699
Demultiplexed,181699
Demultiplexed,145699
Demultiplexed,145699
Demultiplexed,104704
Demultiplexed,104704
Demultiplexed,98328
Demultiplexed,98328
Demultiplexed,157860
Demultiplexed,157860
Empty,179134
Empty,179134
Demultiplexed,111983
Demultiplexed,111983
Demultiplexed,49660
Demultiplexed,49660
Empty,0
Empty,0
Empty,0
Empty,0
Empty,0
Empty,0
Empty,1
Empty,1
Empty,0
Empty,0
Empty,0
Empty,0
Empty,0
Empty,0
Empty,0
Empty,0
Empty,1
Empty,1
Empty,0
Empty,0
Empty,0
Empty,0
Empty,1
Empty,1
Empty,0
Empty,0
Empty,0
Empty,0
Empty,0
Empty,0
Empty,0
Empty,0
Empty,0
Empty,0
Empty,0
Empty,0
Empty,0
Empty,0
Empty,1
Empty,1
Empty,0
Empty,0
Empty,0
Empty,0
Empty,2
Empty,2
Empty,0
Empty,0
Empty,1
Empty,1
Empty,0
Empty,0
Empty,1
Empty,1
Empty,1
Empty,1
Empty,0
Empty,0
Empty,0
Empty,0
Empty,0
Empty,0
Empty,0
Empty,0
Empty,2
Empty,2
Empty,0
Empty,0
Empty,0
Empty,0
Empty,0
Empty,0
Empty,1
Empty,1
Empty,0
Empty,0
Empty,0
Empty,0
Empty,1
Empty,1
Empty,3
Empty,3
Empty,0
Empty,0
Empty,1
Empty,1
Empty,0
Empty,0
Empty,0
Empty,0
Empty,0
Empty,0
Empty,0
Empty,0
Empty,1
Empty,1
Empty,0
Empty,0
Empty,0
Empty,0
Empty,1
Empty,1
Empty,1
Empty,1
Empty,10
Empty,10
Empty,4
Empty,4
Empty,2
Empty,2
Empty,3
Empty,3
Empty,0
Empty,0
Empty,1
Empty,1
Empty,0
Empty,0
Empty,0
Empty,0
Empty,0
Empty,0
Empty,0
Empty,0
Empty,0
Empty,0
Empty,0
Empty,0
Empty,0
Empty,0
Empty,0
Empty,0
Empty,0
Empty,0
Empty,0
Empty,0
Empty,0
Empty,0
Empty,0
Empty,0
Empty,0
Empty,0
Empty,0
Empty,0
Empty,0
Empty,0
Empty,0
Empty,0
Empty,1
Empty,1
Empty,0
Empty,0
Empty,1
Empty,1
Empty,1
Empty,1
Empty,0
Empty,0
Empty,0
Empty,0
Empty,0
Empty,0
Empty,1
Empty,1
Empty,1
Empty,1
Empty,1
Empty,1
Empty,1
Empty,1
Empty,2
Empty,2
Empty,0
Empty,0
Empty,1
Empty,1
Empty,1
Empty,1
Empty,0
Empty,0
Empty,0
Empty,0
Empty,0
Empty,0
Empty,1
Empty,1
Empty,1
Empty,1
Empty,0
Empty,0
Empty,2
Empty,2
Demultiplexed,226840
Demultiplexed,226840
Demultiplexed,149225
Demultiplexed,149225
Demultiplexed,205743
Demultiplexed,205743
Demultiplexed,268844
Demultiplexed,268844
Demultiplexed,213920
Demultiplexed,213920
Demultiplexed,377518
Demultiplexed,377518
Demultiplexed,226429
Demultiplexed,226429
Empty,274580
Empty,274580
Demultiplexed,165352
Demultiplexed,165352
Demultiplexed,186896
Demultiplexed,186896
Demultiplexed,1
Demultiplexed,1
Demultiplexed,242412
Demultiplexed,242412
Demultiplexed,450776
Demultiplexed,450776
Demultiplexed,11
Demultiplexed,11
Demultiplexed,1
Demultiplexed,1
Demultiplexed,352309
Demultiplexed,352309
Demultiplexed,200793
Demultiplexed,200793
Demultiplexed,231687
Demultiplexed,231687
Demultiplexed,4
Demultiplexed,4
Demultiplexed,240868
Demultiplexed,240868
Demultiplexed,8
Demultiplexed,8
Demultiplexed,183507
Demultiplexed,183507
Demultiplexed,5
Demultiplexed,5
Demultiplexed,358354
Demultiplexed,358354
Demultiplexed,191027
Demultiplexed,191027
Empty,202462
Empty,202462
Empty,230449
Empty,230449
Demultiplexed,221110
Demultiplexed,221110
Demultiplexed,183819
Demultiplexed,183819
Demultiplexed,208039
Demultiplexed,208039
Demultiplexed,226282
Demultiplexed,226282
Demultiplexed,9
Demultiplexed,9
Demultiplexed,239235
Demultiplexed,239235
Demultiplexed,202881
Demultiplexed,202881
Demultiplexed,183982
Demultiplexed,183982
Demultiplexed,226240
Demultiplexed,226240
Demultiplexed,240621
Demultiplexed,240621
Demultiplexed,168240
Demultiplexed,168240
Demultiplexed,211583
Demultiplexed,211583
Demultiplexed,341007
Demultiplexed,341007
Demultiplexed,138610
Demultiplexed,138610
Demultiplexed,215201
Demultiplexed,215201
Demultiplexed,183156
Demultiplexed,183156
Demultiplexed,223040
Demultiplexed,223040
Demultiplexed,240907
Demultiplexed,240907
Demultiplexed,219812
Demultiplexed,219812
Demultiplexed,225078
Demultiplexed,225078
Demultiplexed,343421
Demultiplexed,343421
Demultiplexed,186204
Demultiplexed,186204
Demultiplexed,211970
Demultiplexed,211970
Demultiplexed,234684
Demultiplexed,234684
Demultiplexed,291521
Demultiplexed,291521
Demultiplexed,255792
Demultiplexed,255792
Demultiplexed,219091
Demultiplexed,219091
Demultiplexed,246216
Demultiplexed,246216
Demultiplexed,288726
Demultiplexed,288726
Demultiplexed,8
Demultiplexed,8
Demultiplexed,241465
Demultiplexed,241465
Demultiplexed,229155
Demultiplexed,229155
Demultiplexed,238480
Demultiplexed,238480
Demultiplexed,141248
Demultiplexed,141248
Empty,176673
Empty,176673
Demultiplexed,4
Demultiplexed,4
Demultiplexed,206616
Demultiplexed,206616
Demultiplexed,207887
Demultiplexed,207887
Demultiplexed,214893
Demultiplexed,214893
Demultiplexed,172395
Demultiplexed,172395
Demultiplexed,296993
Demultiplexed,296993
Demultiplexed,273619
Demultiplexed,273619
Demultiplexed,241709
Demultiplexed,241709
Demultiplexed,329632
Demultiplexed,329632
Demultiplexed,218706
Demultiplexed,218706
Demultiplexed,234807
Demultiplexed,234807
Empty,193500
Empty,193500
Empty,177887
Empty,177887
Demultiplexed,237766
Demultiplexed,237766
Demultiplexed,237347
Demultiplexed,237347
Demultiplexed,255918
Demultiplexed,255918
Demultiplexed,284797
Demultiplexed,284797
Empty,280428
Empty,280428
Demultiplexed,249045
Demultiplexed,249045
Demultiplexed,225944
Demultiplexed,225944
Demultiplexed,188371
Demultiplexed,188371
Empty,268611
Empty,268611
Demultiplexed,236078
Demultiplexed,236078
Demultiplexed,293709
Demultiplexed,293709
Demultiplexed,404769
Demultiplexed,404769
Demultiplexed,283374
Demultiplexed,283374
Demultiplexed,172221
Demultiplexed,172221
Demultiplexed,246661
Demultiplexed,246661
Demultiplexed,218026
Demultiplexed,218026
Demultiplexed,179892
Demultiplexed,179892
Demultiplexed,226929
Demultiplexed,226929
Demultiplexed,278527
Demultiplexed,278527
Demultiplexed,1
Demultiplexed,1
Demultiplexed,47
Demultiplexed,47
Demultiplexed,164612
Demultiplexed,164612
Demultiplexed,171623
Demultiplexed,171623
Demultiplexed,124543
Demultiplexed,124543
Demultiplexed,164986
Demultiplexed,164986
Demultiplexed,187603
Demultiplexed,187603
Demultiplexed,157930
Demultiplexed,157930
Demultiplexed,164858
Demultiplexed,164858
Empty,247832
Empty,247832
Demultiplexed,110931
Demultiplexed,110931
Demultiplexed,119633
Demultiplexed,119633
Demultiplexed,99812
Demultiplexed,99812
Demultiplexed,164832
Demultiplexed,164832
Demultiplexed,161927
Demultiplexed,161927
Demultiplexed,4
Demultiplexed,4
Demultiplexed,8
Demultiplexed,8
Demultiplexed,196030
Demultiplexed,196030
Demultiplexed,134038
Demultiplexed,134038
Demultiplexed,142859
Demultiplexed,142859
Demultiplexed,137251
Demultiplexed,137251
Demultiplexed,180609
Demultiplexed,180609
Demultiplexed,176427
Demultiplexed,176427
Demultiplexed,164383
Demultiplexed,164383
Demultiplexed,4
Demultiplexed,4
Demultiplexed,218796
Demultiplexed,218796
Demultiplexed,141040
Demultiplexed,141040
Demultiplexed,129460
Demultiplexed,129460
Demultiplexed,138468
Demultiplexed,138468
Demultiplexed,187549
Demultiplexed,187549
Demultiplexed,139409
Demultiplexed,139409
Demultiplexed,213846
Demultiplexed,213846
Demultiplexed,182344
Demultiplexed,182344
Demultiplexed,202050
Demultiplexed,202050
Demultiplexed,187096
Demultiplexed,187096
Demultiplexed,174497
Demultiplexed,174497
Demultiplexed,143786
Demultiplexed,143786
Demultiplexed,190625
Demultiplexed,190625
Demultiplexed,192705
Demultiplexed,192705
Demultiplexed,159862
Demultiplexed,159862
Demultiplexed,179210
Demultiplexed,179210
Demultiplexed,264842
Demultiplexed,264842
Demultiplexed,149644
Demultiplexed,149644
Demultiplexed,176508
Demultiplexed,176508
Demultiplexed,164034
Demultiplexed,164034
Demultiplexed,167231
Demultiplexed,167231
Demultiplexed,184912
Demultiplexed,184912
Demultiplexed,173374
Demultiplexed,173374
Demultiplexed,152778
Demultiplexed,152778
Demultiplexed,523504
Demultiplexed,523504
Demultiplexed,164413
Demultiplexed,164413
Demultiplexed,163596
Demultiplexed,163596
Demultiplexed,151273
Demultiplexed,151273
Demultiplexed,196078
Demultiplexed,196078
Demultiplexed,167928
Demultiplexed,167928
Demultiplexed,168185
Demultiplexed,168185
Demultiplexed,164930
Demultiplexed,164930
Demultiplexed,275903
Demultiplexed,275903
Demultiplexed,5
Demultiplexed,5
Demultiplexed,176862
Demultiplexed,176862
Demultiplexed,150119
Demultiplexed,150119
Demultiplexed,189339
Demultiplexed,189339
Demultiplexed,91104
Demultiplexed,91104
Empty,146579
Empty,146579
Demultiplexed,2
Demultiplexed,2
Demultiplexed,201720
Demultiplexed,201720
Demultiplexed,164618
Demultiplexed,164618
Demultiplexed,145828
Demultiplexed,145828
Demultiplexed,147086
Demultiplexed,147086
Demultiplexed,169385
Demultiplexed,169385
Demultiplexed,179515
Demultiplexed,179515
Demultiplexed,172606
Demultiplexed,172606
Demultiplexed,190577
Demultiplexed,190577
Demultiplexed,143796
Demultiplexed,143796
Demultiplexed,166204
Demultiplexed,166204
Empty,253959
Empty,253959
Empty,169395
Empty,169395
Demultiplexed,172109
Demultiplexed,172109
Demultiplexed,205775
Demultiplexed,205775
Demultiplexed,147258
Demultiplexed,147258
Demultiplexed,195978
Demultiplexed,195978
Empty,223872
Empty,223872
Demultiplexed,174864
Demultiplexed,174864
Demultiplexed,154614
Demultiplexed,154614
Demultiplexed,153624
Demultiplexed,153624
Empty,162690
Empty,162690
Demultiplexed,203029
Demultiplexed,203029
Demultiplexed,193978
Demultiplexed,193978
Demultiplexed,189454
Demultiplexed,189454
Demultiplexed,227083
Demultiplexed,227083
Demultiplexed,173283
Demultiplexed,173283
Demultiplexed,178362
Demultiplexed,178362
Demultiplexed,184092
Demultiplexed,184092
Demultiplexed,233680
Demultiplexed,233680
Demultiplexed,167942
Demultiplexed,167942
Demultiplexed,185685
Demultiplexed,185685
Demultiplexed,5
Demultiplexed,5
Demultiplexed,14303
Demultiplexed,14303
Empty,88208
Empty,88208
Demultiplexed,115082
Demultiplexed,115082
Demultiplexed,243515
Demultiplexed,243515
Empty,213830
Empty,213830
Demultiplexed,175573
Demultiplexed,175573
Demultiplexed,179708
Demultiplexed,179708
Demultiplexed,229626
Demultiplexed,229626
Demultiplexed,383145
Demultiplexed,383145
Demultiplexed,201798
Demultiplexed,201798
Demultiplexed,185515
Demultiplexed,185515
Demultiplexed,214134
Demultiplexed,214134
Demultiplexed,304319
Demultiplexed,304319
Demultiplexed,299476
Demultiplexed,299476
Demultiplexed,224807
Demultiplexed,224807
Empty,230327
Empty,230327
Demultiplexed,315472
Demultiplexed,315472
Demultiplexed,119337
Demultiplexed,119337
Demultiplexed,169326
Demultiplexed,169326
Demultiplexed,104432
Demultiplexed,104432
Demultiplexed,226902
Demultiplexed,226902
Demultiplexed,139294
Demultiplexed,139294
Demultiplexed,229258
Demultiplexed,229258
Demultiplexed,230254
Demultiplexed,230254
Demultiplexed,223653
Demultiplexed,223653
Demultiplexed,218840
Demultiplexed,218840
Demultiplexed,242963
Demultiplexed,242963
Demultiplexed,99327
Demultiplexed,99327
Demultiplexed,160087
Demultiplexed,160087
Demultiplexed,165008
Demultiplexed,165008
Demultiplexed,205088
Demultiplexed,205088
Demultiplexed,224365
Demultiplexed,224365
Demultiplexed,331431
Demultiplexed,331431
Demultiplexed,117911
Demultiplexed,117911
Demultiplexed,123920
Demultiplexed,123920
Demultiplexed,108382
Demultiplexed,108382
Demultiplexed,229354
Demultiplexed,229354
Demultiplexed,193409
Demultiplexed,193409
Demultiplexed,179144
Demultiplexed,179144
Demultiplexed,169242
Demultiplexed,169242
Demultiplexed,284291
Demultiplexed,284291
Demultiplexed,88732
Demultiplexed,88732
Demultiplexed,122211
Demultiplexed,122211
Demultiplexed,252501
Demultiplexed,252501
Demultiplexed,169008
Demultiplexed,169008
Demultiplexed,154301
Demultiplexed,154301
Demultiplexed,186982
Demultiplexed,186982
Demultiplexed,186655
Demultiplexed,186655
Demultiplexed,263507
Demultiplexed,263507
Demultiplexed,80369
Demultiplexed,80369
Demultiplexed,190993
Demultiplexed,190993
Demultiplexed,7
Demultiplexed,7
Demultiplexed,127639
Demultiplexed,127639
Demultiplexed,193251
Demultiplexed,193251
Demultiplexed,309849
Demultiplexed,309849
Demultiplexed,346259
Demultiplexed,346259
Demultiplexed,194915
Demultiplexed,194915
Demultiplexed,200053
Demultiplexed,200053
Demultiplexed,6
Demultiplexed,6
Demultiplexed,152862
Demultiplexed,152862
Demultiplexed,202204
Demultiplexed,202204
Demultiplexed,199803
Demultiplexed,199803
Demultiplexed,139471
Demultiplexed,139471
Demultiplexed,287450
Demultiplexed,287450
Demultiplexed,193550
Demultiplexed,193550
Demultiplexed,4
Demultiplexed,4
Demultiplexed,2
Demultiplexed,2
Demultiplexed,86414
Demultiplexed,86414
Demultiplexed,6
Demultiplexed,6
Demultiplexed,171320
Demultiplexed,171320
Demultiplexed,178610
Demultiplexed,178610
Demultiplexed,2
Demultiplexed,2
Empty,8
Empty,8
Demultiplexed,215281
Demultiplexed,215281
Demultiplexed,162607
Demultiplexed,162607
Demultiplexed,7
Demultiplexed,7
Demultiplexed,9
Demultiplexed,9
Demultiplexed,187744
Demultiplexed,187744
Demultiplexed,185329
Demultiplexed,185329
Demultiplexed,180529
Demultiplexed,180529
Demultiplexed,177917
Demultiplexed,177917
Demultiplexed,144795
Demultiplexed,144795
Demultiplexed,229210
Demultiplexed,229210
Demultiplexed,3
Demultiplexed,3
Empty,17
Empty,17
Empty,206665
Empty,206665
Demultiplexed,2
Demultiplexed,2
Demultiplexed,3
Demultiplexed,3
Demultiplexed,7
Demultiplexed,7
Demultiplexed,2
Demultiplexed,2
Demultiplexed,8
Demultiplexed,8
Demultiplexed,194709
Demultiplexed,194709
Demultiplexed,94416
Demultiplexed,94416
Empty,6
Empty,6
Demultiplexed,14
Demultiplexed,14
Demultiplexed,207035
Demultiplexed,207035
Demultiplexed,90651
Demultiplexed,90651
Empty,0
Empty,0
Empty,0
Empty,0
Empty,0
Empty,0
Empty,0
Empty,0
Empty,1
Empty,1
Empty,0
Empty,0
Empty,0
Empty,0
Empty,0
Empty,0
Empty,0
Empty,0
Empty,1
Empty,1
Empty,0
Empty,0
Empty,0
Empty,0
Empty,0
Empty,0
Empty,0
Empty,0
Empty,0
Empty,0
Empty,1
Empty,1
Empty,0
Empty,0
Empty,0
Empty,0
Empty,0
Empty,0
Empty,0
Empty,0
Empty,0
Empty,0
Empty,0
Empty,0
Empty,0
Empty,0
Empty,0
Empty,0
Empty,0
Empty,0
Empty,0
Empty,0
Empty,0
Empty,0
Empty,0
Empty,0
Empty,0
Empty,0
Empty,1
Empty,1
Empty,0
Empty,0
Empty,1
Empty,1
Empty,0
Empty,0
Empty,1
Empty,1
Empty,0
Empty,0
Empty,0
Empty,0
Empty,0
Empty,0
Empty,0
Empty,0
Empty,0
Empty,0
Empty,0
Empty,0
Empty,0
Empty,0
Empty,0
Empty,0
Empty,0
Empty,0
Empty,0
Empty,0
Empty,1
Empty,1
Empty,0
Empty,0
Empty,1
Empty,1
Empty,0
Empty,0
Empty,1
Empty,1
Empty,2
Empty,2
Empty,6
Empty,6
Empty,13
Empty,13
Empty,11
Empty,11
Empty,4
Empty,4
Empty,1
Empty,1
Empty,4
Empty,4
Empty,0
Empty,0
Empty,0
Empty,0
Empty,1
Empty,1
Empty,0
Empty,0
Empty,3
Empty,3
Empty,2
Empty,2
Empty,0
Empty,0
Empty,0
Empty,0
Empty,0
Empty,0
Empty,0
Empty,0
Empty,0
Empty,0
Empty,0
Empty,0
Empty,0
Empty,0
Empty,0
Empty,0
Empty,0
Empty,0
Empty,0
Empty,0
Empty,1
Empty,1
Empty,0
Empty,0
Empty,0
Empty,0
Empty,0
Empty,0
Empty,0
Empty,0
Empty,0
Empty,0
Empty,0
Empty,0
Empty,0
Empty,0
Empty,0
Empty,0
Empty,1
Empty,1
Empty,0
Empty,0
Empty,0
Empty,0
Empty,1
Empty,1
Empty,1
Empty,1
Empty,0
Empty,0
Empty,0
Empty,0
Empty,0
Empty,0
Empty,0
Empty,0
Empty,0
Empty,0
Empty,0
Empty,0
Empty,0
Empty,0
Empty,1
Empty,1
Empty,0
Empty,0
Empty,2
Empty,2
Demultiplexed,5
Demultiplexed,5
Demultiplexed,165667
Demultiplexed,165667
Demultiplexed,231545
Demultiplexed,231545
Demultiplexed,180140
Demultiplexed,180140
Demultiplexed,209138
Demultiplexed,209138
Demultiplexed,175859
Demultiplexed,175859
Demultiplexed,196042
Demultiplexed,196042
Demultiplexed,7
Demultiplexed,7
Empty,724
Empty,724
Demultiplexed,143211
Demultiplexed,143211
Demultiplexed,113716
Demultiplexed,113716
Empty,124530
Empty,124530
Demultiplexed,117743
Demultiplexed,117743
Demultiplexed,186153
Demultiplexed,186153
Demultiplexed,180520
Demultiplexed,180520
Demultiplexed,233750
Demultiplexed,233750
Demultiplexed,154807
Demultiplexed,154807
Demultiplexed,7
Demultiplexed,7
Demultiplexed,77358
Demultiplexed,77358
Empty,153432
Empty,153432
Empty,79631
Empty,79631
Demultiplexed,94866
Demultiplexed,94866
Demultiplexed,187987
Demultiplexed,187987
Empty,248285
Empty,248285
Demultiplexed,2
Demultiplexed,2
Demultiplexed,165780
Demultiplexed,165780
Demultiplexed,150387
Demultiplexed,150387
Demultiplexed,164048
Demultiplexed,164048
Demultiplexed,243271
Demultiplexed,243271
Demultiplexed,192736
Demultiplexed,192736
Empty,180150
Empty,180150
Demultiplexed,277802
Demultiplexed,277802
Demultiplexed,131006
Demultiplexed,131006
Empty,161124
Empty,161124
Empty,116455
Empty,116455
Demultiplexed,115525
Demultiplexed,115525
Demultiplexed,109722
Demultiplexed,109722
Demultiplexed,132076
Demultiplexed,132076
Demultiplexed,129843
Demultiplexed,129843
Demultiplexed,205860
Demultiplexed,205860
Demultiplexed,137143
Demultiplexed,137143
Demultiplexed,195992
Demultiplexed,195992
Demultiplexed,113526
Demultiplexed,113526
Demultiplexed,144852
Demultiplexed,144852
Empty,162625
Empty,162625
Empty,189575
Empty,189575
Empty,177760
Empty,177760
Demultiplexed,278900
Demultiplexed,278900
Demultiplexed,161103
Demultiplexed,161103
Demultiplexed,191554
Demultiplexed,191554
Demultiplexed,160104
Demultiplexed,160104
Demultiplexed,221841
Demultiplexed,221841
Demultiplexed,169827
Demultiplexed,169827
Demultiplexed,159237
Demultiplexed,159237
Demultiplexed,272934
Demultiplexed,272934
Demultiplexed,333449
Demultiplexed,333449
Demultiplexed,5892
Demultiplexed,5892
Demultiplexed,199074
Demultiplexed,199074
Demultiplexed,151952
Demultiplexed,151952
Empty,169911
Empty,169911
Demultiplexed,121345
Demultiplexed,121345
Demultiplexed,183131
Demultiplexed,183131
Demultiplexed,271658
Demultiplexed,271658
Demultiplexed,485192
Demultiplexed,485192
Demultiplexed,223807
Demultiplexed,223807
Demultiplexed,161797
Demultiplexed,161797
Demultiplexed,127823
Demultiplexed,127823
Demultiplexed,184450
Demultiplexed,184450
Demultiplexed,165041
Demultiplexed,165041
Demultiplexed,151900
Demultiplexed,151900
Empty,236558
Empty,236558
Empty,7
Empty,7
Demultiplexed,200393
Demultiplexed,200393
Demultiplexed,151590
Demultiplexed,151590
Demultiplexed,138123
Demultiplexed,138123
Demultiplexed,160326
Demultiplexed,160326
Demultiplexed,141612
Demultiplexed,141612
Demultiplexed,128164
Demultiplexed,128164
Demultiplexed,221937
Demultiplexed,221937
Demultiplexed,212591
Demultiplexed,212591
Empty,153881
Empty,153881
Demultiplexed,144971
Demultiplexed,144971
Empty,141851
Empty,141851
Demultiplexed,172847
Demultiplexed,172847
Demultiplexed,185479
Demultiplexed,185479
Demultiplexed,207565
Demultiplexed,207565
Demultiplexed,288168
Demultiplexed,288168
Demultiplexed,245928
Demultiplexed,245928
Demultiplexed,166343
Demultiplexed,166343
Demultiplexed,159933
Demultiplexed,159933
Demultiplexed,61594
Demultiplexed,61594
Demultiplexed,85432
Demultiplexed,85432
Empty,108895
Empty,108895
Demultiplexed,6
Demultiplexed,6
Empty,2
Empty,2
Demultiplexed,896
Demultiplexed,896
Demultiplexed,145169
Demultiplexed,145169
Demultiplexed,174403
Demultiplexed,174403
Demultiplexed,189787
Demultiplexed,189787
Empty,234635
Empty,234635
Demultiplexed,8
Demultiplexed,8
Demultiplexed,241918
Demultiplexed,241918
Demultiplexed,216114
Demultiplexed,216114
Demultiplexed,291860
Demultiplexed,291860
Empty,152881
Empty,152881
Demultiplexed,202112
Demultiplexed,202112
Demultiplexed,188999
Demultiplexed,188999
Demultiplexed,267499
Demultiplexed,267499
Demultiplexed,267267
Demultiplexed,267267
Demultiplexed,346898
Demultiplexed,346898
Empty,328979
Empty,328979
Demultiplexed,371830
Demultiplexed,371830
Demultiplexed,203577
Demultiplexed,203577
Demultiplexed,15
Demultiplexed,15
Demultiplexed,199040
Demultiplexed,199040
Empty,166191
Empty,166191
Empty,237614
Empty,237614
Demultiplexed,244008
Demultiplexed,244008
Demultiplexed,228067
Demultiplexed,228067
Empty,367927
Empty,367927
Demultiplexed,9
Demultiplexed,9
Demultiplexed,123881
Demultiplexed,123881
Demultiplexed,194877
Demultiplexed,194877
Demultiplexed,194421
Demultiplexed,194421
Demultiplexed,7
Demultiplexed,7
Demultiplexed,230779
Demultiplexed,230779
Empty,212554
Empty,212554
Demultiplexed,202258
Demultiplexed,202258
Demultiplexed,214914
Demultiplexed,214914
Demultiplexed,171450
Demultiplexed,171450
Demultiplexed,208793
Demultiplexed,208793
Demultiplexed,187041
Demultiplexed,187041
Demultiplexed,195588
Demultiplexed,195588
Demultiplexed,137548
Demultiplexed,137548
Demultiplexed,277008
Demultiplexed,277008
Demultiplexed,10725
Demultiplexed,10725
Demultiplexed,215986
Demultiplexed,215986
Demultiplexed,204573
Demultiplexed,204573
Demultiplexed,247013
Demultiplexed,247013
Demultiplexed,247447
Demultiplexed,247447
Demultiplexed,273882
Demultiplexed,273882
Demultiplexed,170744
Demultiplexed,170744
Demultiplexed,243297
Demultiplexed,243297
Demultiplexed,250097
Demultiplexed,250097
Demultiplexed,243261
Demultiplexed,243261
Demultiplexed,185347
Demultiplexed,185347
Demultiplexed,6
Demultiplexed,6
Empty,213028
Empty,213028
Demultiplexed,247728
Demultiplexed,247728
Demultiplexed,189060
Demultiplexed,189060
Demultiplexed,338955
Demultiplexed,338955
Demultiplexed,304673
Demultiplexed,304673
Demultiplexed,232152
Demultiplexed,232152
Demultiplexed,6
Demultiplexed,6
Demultiplexed,200753
Demultiplexed,200753
Demultiplexed,259737
Demultiplexed,259737
Demultiplexed,206678
Demultiplexed,206678
Demultiplexed,163492
Demultiplexed,163492
Demultiplexed,273245
Demultiplexed,273245
Demultiplexed,374218
Demultiplexed,374218
Demultiplexed,1
Demultiplexed,1
Demultiplexed,200811
Demultiplexed,200811
Demultiplexed,211506
Demultiplexed,211506
Demultiplexed,238483
Demultiplexed,238483
Demultiplexed,192874
Demultiplexed,192874
Demultiplexed,157834
Demultiplexed,157834
Empty,12
Empty,12
Demultiplexed,6
Demultiplexed,6
Demultiplexed,186678
Demultiplexed,186678
Demultiplexed,200242
Demultiplexed,200242
Demultiplexed,202713
Demultiplexed,202713
Demultiplexed,266349
Demultiplexed,266349
Demultiplexed,248934
Demultiplexed,248934
Demultiplexed,207107
Demultiplexed,207107
Demultiplexed,270472
Demultiplexed,270472
Demultiplexed,326535
Demultiplexed,326535
Empty,161941
Empty,161941
Demultiplexed,236851
Demultiplexed,236851
Demultiplexed,194895
Demultiplexed,194895
Demultiplexed,232202
Demultiplexed,232202
Demultiplexed,164923
Demultiplexed,164923
Demultiplexed,11
Demultiplexed,11
Demultiplexed,305282
Demultiplexed,305282
Demultiplexed,302268
Demultiplexed,302268
Demultiplexed,238811
Demultiplexed,238811
Demultiplexed,257415
Demultiplexed,257415
Demultiplexed,131710
Demultiplexed,131710
Demultiplexed,157590
Demultiplexed,157590
Empty,156080
Empty,156080
Demultiplexed,248617
Demultiplexed,248617
Demultiplexed,366588
Demultiplexed,366588
Demultiplexed,12
Demultiplexed,12
Demultiplexed,76347
Demultiplexed,76347
Demultiplexed,141408
Demultiplexed,141408
Demultiplexed,140419
Demultiplexed,140419
Empty,152798
Empty,152798
Demultiplexed,179509
Demultiplexed,179509
Demultiplexed,141145
Demultiplexed,141145
Demultiplexed,178464
Demultiplexed,178464
Demultiplexed,260653
Demultiplexed,260653
Empty,120183
Empty,120183
Demultiplexed,110821
Demultiplexed,110821
Demultiplexed,137815
Demultiplexed,137815
Demultiplexed,182542
Demultiplexed,182542
Demultiplexed,169566
Demultiplexed,169566
Demultiplexed,177364
Demultiplexed,177364
Empty,206622
Empty,206622
Demultiplexed,271785
Demultiplexed,271785
Demultiplexed,150927
Demultiplexed,150927
Demultiplexed,10
Demultiplexed,10
Demultiplexed,143470
Demultiplexed,143470
Empty,23996
Empty,23996
Demultiplexed,143440
Demultiplexed,143440
Demultiplexed,115007
Demultiplexed,115007
Demultiplexed,206063
Demultiplexed,206063
Demultiplexed,283320
Demultiplexed,283320
Demultiplexed,10
Demultiplexed,10
Demultiplexed,136547
Demultiplexed,136547
Demultiplexed,157268
Demultiplexed,157268
Demultiplexed,172801
Demultiplexed,172801
Demultiplexed,15
Demultiplexed,15
Demultiplexed,192850
Demultiplexed,192850
Empty,173468
Empty,173468
Demultiplexed,323884
Demultiplexed,323884
Demultiplexed,180479
Demultiplexed,180479
Demultiplexed,147710
Demultiplexed,147710
Demultiplexed,100329
Demultiplexed,100329
Demultiplexed,139360
Demultiplexed,139360
Demultiplexed,137175
Demultiplexed,137175
Demultiplexed,118154
Demultiplexed,118154
Demultiplexed,140504
Demultiplexed,140504
Demultiplexed,299611
Demultiplexed,299611
Demultiplexed,129734
Demultiplexed,129734
Demultiplexed,160693
Demultiplexed,160693
Demultiplexed,86671
Demultiplexed,86671
Demultiplexed,195429
Demultiplexed,195429
Demultiplexed,191622
Demultiplexed,191622
Demultiplexed,203855
Demultiplexed,203855
Demultiplexed,164506
Demultiplexed,164506
Demultiplexed,267017
Demultiplexed,267017
Empty,138396
Empty,138396
Demultiplexed,169910
Demultiplexed,169910
Demultiplexed,11
Demultiplexed,11
Empty,156264
Empty,156264
Demultiplexed,140975
Demultiplexed,140975
Demultiplexed,156942
Demultiplexed,156942
Demultiplexed,247193
Demultiplexed,247193
Demultiplexed,215948
Demultiplexed,215948
Demultiplexed,189919
Demultiplexed,189919
Demultiplexed,6
Demultiplexed,6
Demultiplexed,122844
Demultiplexed,122844
Demultiplexed,151934
Demultiplexed,151934
Demultiplexed,194141
Demultiplexed,194141
Demultiplexed,155338
Demultiplexed,155338
Demultiplexed,215876
Demultiplexed,215876
Demultiplexed,224648
Demultiplexed,224648
Demultiplexed,3
Demultiplexed,3
Demultiplexed,3
Demultiplexed,3
Demultiplexed,132714
Demultiplexed,132714
Demultiplexed,155326
Demultiplexed,155326
Demultiplexed,141427
Demultiplexed,141427
Demultiplexed,118824
Demultiplexed,118824
Empty,4
Empty,4
Demultiplexed,8
Demultiplexed,8
Demultiplexed,206835
Demultiplexed,206835
Demultiplexed,172277
Demultiplexed,172277
Demultiplexed,169077
Demultiplexed,169077
Demultiplexed,188986
Demultiplexed,188986
Demultiplexed,137981
Demultiplexed,137981
Demultiplexed,167085
Demultiplexed,167085
Demultiplexed,310669
Demultiplexed,310669
Demultiplexed,213907
Demultiplexed,213907
Empty,158787
Empty,158787
Demultiplexed,138918
Demultiplexed,138918
Demultiplexed,153889
Demultiplexed,153889
Demultiplexed,106692
Demultiplexed,106692
Demultiplexed,160062
Demultiplexed,160062
Demultiplexed,19
Demultiplexed,19
Demultiplexed,203549
Demultiplexed,203549
Demultiplexed,207110
Demultiplexed,207110
Demultiplexed,79518
Demultiplexed,79518
Demultiplexed,10
Demultiplexed,10
Demultiplexed,148098
Demultiplexed,148098
Demultiplexed,145277
Demultiplexed,145277
Empty,160913
Empty,160913
Demultiplexed,70778
Demultiplexed,70778
Demultiplexed,260744
Demultiplexed,260744
Demultiplexed,23597
Demultiplexed,23597
